<ns1:ServiceDescription introduceVersion="1.1" xmlns:ns1="gme://gov.nih.nci.cagrid/1/Introduce">
    <ns2:Namespaces xsi:type="ns2:NamespacesType" xmlns:ns2="gme://gov.nih.nci.cagrid.introduce/1/Namespace"
                    xmlns:xsi="http://www.w3.org/2001/XMLSchema-instance">
        <ns2:Namespace location="./ccts-domain.xsd" namespace="gme://ccts.cabig/1.0/gov.nih.nci.cabig.ccts.domain"
                       packageName="gov.nih.nci.ccts.grid" xsi:type="ns2:NamespaceType">
            <ns2:SchemaElement type="identifier" xsi:type="ns2:SchemaElementType"/>
            <ns2:SchemaElement type="organizationAssignedIdentifier" xsi:type="ns2:SchemaElementType"/>
            <ns2:SchemaElement type="systemAssignedIdentifier" xsi:type="ns2:SchemaElementType"/>
            <ns2:SchemaElement type="registration" xsi:type="ns2:SchemaElementType"/>
            <ns2:SchemaElement type="study" xsi:type="ns2:SchemaElementType"/>
            <ns2:SchemaElement type="eligibilityCriteria" xsi:type="ns2:SchemaElementType"/>
            <ns2:SchemaElement type="epoch" xsi:type="ns2:SchemaElementType"/>
            <ns2:SchemaElement type="treatmentEpoch" xsi:type="ns2:SchemaElementType"/>
            <ns2:SchemaElement type="nonTreatmentEpoch" xsi:type="ns2:SchemaElementType"/>
            <ns2:SchemaElement type="scheduledEpoch" xsi:type="ns2:SchemaElementType"/>
            <ns2:SchemaElement type="scheduledTreatmentEpoch" xsi:type="ns2:SchemaElementType"/>
            <ns2:SchemaElement type="scheduledNonTreatmentEpoch" xsi:type="ns2:SchemaElementType"/>
            <ns2:SchemaElement type="studyOrganization" xsi:type="ns2:SchemaElementType"/>
            <ns2:SchemaElement type="studySite" xsi:type="ns2:SchemaElementType"/>
            <ns2:SchemaElement type="studyFundingSponsor" xsi:type="ns2:SchemaElementType"/>
            <ns2:SchemaElement type="studyCoordinatingCenter" xsi:type="ns2:SchemaElementType"/>
        </ns2:Namespace>
        <ns2:Namespace namespace="http://www.w3.org/2001/XMLSchema" xsi:type="ns2:NamespaceType">
            <ns2:SchemaElement type="anyType" xsi:type="ns2:SchemaElementType"/>
            <ns2:SchemaElement type="string" xsi:type="ns2:SchemaElementType"/>
            <ns2:SchemaElement type="boolean" xsi:type="ns2:SchemaElementType"/>
            <ns2:SchemaElement type="int" xsi:type="ns2:SchemaElementType"/>
            <ns2:SchemaElement type="integer" xsi:type="ns2:SchemaElementType"/>
            <ns2:SchemaElement type="decimal" xsi:type="ns2:SchemaElementType"/>
            <ns2:SchemaElement type="float" xsi:type="ns2:SchemaElementType"/>
            <ns2:SchemaElement type="double" xsi:type="ns2:SchemaElementType"/>
            <ns2:SchemaElement type="short" xsi:type="ns2:SchemaElementType"/>
            <ns2:SchemaElement type="long" xsi:type="ns2:SchemaElementType"/>
            <ns2:SchemaElement type="byte" xsi:type="ns2:SchemaElementType"/>
            <ns2:SchemaElement type="base64Binary" xsi:type="ns2:SchemaElementType"/>
            <ns2:SchemaElement type="dateTime" xsi:type="ns2:SchemaElementType"/>
            <ns2:SchemaElement type="date" xsi:type="ns2:SchemaElementType"/>
            <ns2:SchemaElement type="QName" xsi:type="ns2:SchemaElementType"/>
            <ns2:SchemaElement type="anySimpleType" xsi:type="ns2:SchemaElementType"/>
            <ns2:SchemaElement type="duration" xsi:type="ns2:SchemaElementType"/>
            <ns2:SchemaElement type="time" xsi:type="ns2:SchemaElementType"/>
            <ns2:SchemaElement type="gYearMonth" xsi:type="ns2:SchemaElementType"/>
            <ns2:SchemaElement type="gYear" xsi:type="ns2:SchemaElementType"/>
            <ns2:SchemaElement type="gMonthDay" xsi:type="ns2:SchemaElementType"/>
            <ns2:SchemaElement type="gDay" xsi:type="ns2:SchemaElementType"/>
            <ns2:SchemaElement type="gMonth" xsi:type="ns2:SchemaElementType"/>
            <ns2:SchemaElement type="hexBinary" xsi:type="ns2:SchemaElementType"/>
            <ns2:SchemaElement type="NOTATION" xsi:type="ns2:SchemaElementType"/>
            <ns2:SchemaElement type="anyURI" xsi:type="ns2:SchemaElementType"/>
            <ns2:SchemaElement type="normalizedString" xsi:type="ns2:SchemaElementType"/>
            <ns2:SchemaElement type="token" xsi:type="ns2:SchemaElementType"/>
            <ns2:SchemaElement type="nonPositiveInteger" xsi:type="ns2:SchemaElementType"/>
            <ns2:SchemaElement type="nonNegativeInteger" xsi:type="ns2:SchemaElementType"/>
            <ns2:SchemaElement type="language" xsi:type="ns2:SchemaElementType"/>
            <ns2:SchemaElement type="Name" xsi:type="ns2:SchemaElementType"/>
            <ns2:SchemaElement type="NMTOKEN" xsi:type="ns2:SchemaElementType"/>
            <ns2:SchemaElement type="negativeInteger" xsi:type="ns2:SchemaElementType"/>
            <ns2:SchemaElement type="unsignedLong" xsi:type="ns2:SchemaElementType"/>
            <ns2:SchemaElement type="positiveInteger" xsi:type="ns2:SchemaElementType"/>
            <ns2:SchemaElement type="NCName" xsi:type="ns2:SchemaElementType"/>
            <ns2:SchemaElement type="NMTOKENS" xsi:type="ns2:SchemaElementType"/>
            <ns2:SchemaElement type="unsignedInt" xsi:type="ns2:SchemaElementType"/>
            <ns2:SchemaElement type="ID" xsi:type="ns2:SchemaElementType"/>
            <ns2:SchemaElement type="IDREF" xsi:type="ns2:SchemaElementType"/>
            <ns2:SchemaElement type="ENTITY" xsi:type="ns2:SchemaElementType"/>
            <ns2:SchemaElement type="unsignedShort" xsi:type="ns2:SchemaElementType"/>
            <ns2:SchemaElement type="IDREFS" xsi:type="ns2:SchemaElementType"/>
            <ns2:SchemaElement type="ENTITIES" xsi:type="ns2:SchemaElementType"/>
            <ns2:SchemaElement type="unsignedByte" xsi:type="ns2:SchemaElementType"/>
        </ns2:Namespace>
        <ns2:Namespace location="./StudyConsumerTypes.xsd" namespace="http://ccts.nci.nih.gov/StudyConsumer/types"
                       packageName="gov.nih.nci.ccts.grid.studyconsumer.stubs.types" xsi:type="ns2:NamespaceType">
            <ns2:SchemaElement type="StudyConsumerReference" xsi:type="ns2:SchemaElementType"/>
            <ns2:SchemaElement type="InvalidStudyException" xsi:type="ns2:SchemaElementType"/>
            <ns2:SchemaElement type="StudyCreationException" xsi:type="ns2:SchemaElementType"/>
        </ns2:Namespace>
        <ns2:Namespace generateStubs="false" location="./xsd/security.xsd"
                       namespace="gme://caGrid.caBIG/1.0/gov.nih.nci.cagrid.metadata.security"
                       packageName="gov.nih.nci.cagrid.metadata.security" xsi:type="ns2:NamespaceType">
            <ns2:SchemaElement type="ServiceSecurityMetadata" xsi:type="ns2:SchemaElementType"/>
            <ns2:SchemaElement type="CommunicationMechanism" xsi:type="ns2:SchemaElementType"/>
            <ns2:SchemaElement type="Operation" xsi:type="ns2:SchemaElementType"/>
            <ns2:SchemaElement type="CommunicationStyle" xsi:type="ns2:SchemaElementType"/>
            <ns2:SchemaElement type="GSISecureMessage" xsi:type="ns2:SchemaElementType"/>
            <ns2:SchemaElement type="GSISecureConversation" xsi:type="ns2:SchemaElementType"/>
            <ns2:SchemaElement type="GSITransport" xsi:type="ns2:SchemaElementType"/>
            <ns2:SchemaElement type="None" xsi:type="ns2:SchemaElementType"/>
        </ns2:Namespace>
        <ns2:Namespace generateStubs="false" location="./cagrid/types/caGridMetadata.xsd"
                       namespace="gme://caGrid.caBIG/1.0/gov.nih.nci.cagrid.metadata"
                       packageName="gov.nih.nci.cagrid.metadata" xsi:type="ns2:NamespaceType">
            <ns2:SchemaElement type="ServiceMetadata" xsi:type="ns2:SchemaElementType"/>
        </ns2:Namespace>
    </ns2:Namespaces>
    <ns3:Services xsi:type="ns3:ServicesType" xmlns:ns3="gme://gov.nih.nci.cagrid.introduce/1/Services"
                  xmlns:xsi="http://www.w3.org/2001/XMLSchema-instance">
        <ns3:Service name="StudyConsumer" namespace="http://ccts.nci.nih.gov/StudyConsumer"
                     packageName="gov.nih.nci.ccts.grid.studyconsumer" resourceFrameworkType="main"
                     xsi:type="ns3:ServiceType">
            <ns4:Methods xsi:type="ns4:MethodsType" xmlns:ns4="gme://gov.nih.nci.cagrid.introduce/1/Methods">
                <ns4:Method isImported="true" isProvided="true" name="getServiceSecurityMetadata"
                            xsi:type="ns4:MethodType">
                    <ns4:Output qName="ns5:ServiceSecurityMetadata" isArray="false" isClientHandle="false"
                                xmlns:ns5="gme://caGrid.caBIG/1.0/gov.nih.nci.cagrid.metadata.security"/>
                    <ns4:ImportInformation namespace="http://security.introduce.cagrid.nci.nih.gov/ServiceSecurity"
                                           packageName="gov.nih.nci.cagrid.introduce.security.stubs"
                                           portTypeName="ServiceSecurityPortType" wsdlFile="ServiceSecurity.wsdl"/>
                    <ns4:ProviderInformation
                            providerClass="gov.nih.nci.cagrid.introduce.security.service.globus.ServiceSecurityProviderImpl"/>
                </ns4:Method>
                <ns4:Method description="Create a new Protocol" isImported="false" isProvided="false" name="createStudy"
                            xsi:type="ns4:MethodType">
                    <ns4:Inputs>
                        <ns4:Input qName="ns6:study" description="" isArray="false" name="study"
                                   xmlns:ns6="gme://ccts.cabig/1.0/gov.nih.nci.cabig.ccts.domain"/>
                    </ns4:Inputs>
                    <ns4:Output qName="void" description="" isArray="false"/>
                    <ns4:Exceptions>
                        <ns4:Exception description="" name="InvalidStudyException" qname="ns7:InvalidStudyException"
                                       xmlns:ns7="http://ccts.nci.nih.gov/StudyConsumer/types"/>
                        <ns4:Exception description="" name="StudyCreationException" qname="ns8:StudyCreationException"
                                       xmlns:ns8="http://ccts.nci.nih.gov/StudyConsumer/types"/>
                    </ns4:Exceptions>
                </ns4:Method>
                <ns4:Method description="Commit a create study operation" isImported="false" isProvided="false"
                            name="commit" xsi:type="ns4:MethodType">
                    <ns4:Inputs>
                        <ns4:Input qName="ns9:study" description="" isArray="false" name="study"
                                   xmlns:ns9="gme://ccts.cabig/1.0/gov.nih.nci.cabig.ccts.domain"/>
                    </ns4:Inputs>
                    <ns4:Output qName="void" description="" isArray="false"/>
                    <ns4:Exceptions>
                        <ns4:Exception description="" name="InvalidStudyException" qname="ns10:InvalidStudyException"
                                       xmlns:ns10="http://ccts.nci.nih.gov/StudyConsumer/types"/>
                    </ns4:Exceptions>
                </ns4:Method>
                <ns4:Method description="Rollback a previous createStudy operation" isImported="false"
                            isProvided="false" name="rollback" xsi:type="ns4:MethodType">
                    <ns4:Inputs>
                        <ns4:Input qName="ns11:study" description="" isArray="false" name="study"
                                   xmlns:ns11="gme://ccts.cabig/1.0/gov.nih.nci.cabig.ccts.domain"/>
                    </ns4:Inputs>
                    <ns4:Output qName="void" description="" isArray="false"/>
                    <ns4:Exceptions>
                        <ns4:Exception description="" name="InvalidStudyException" qname="ns12:InvalidStudyException"
                                       xmlns:ns12="http://ccts.nci.nih.gov/StudyConsumer/types"/>
                    </ns4:Exceptions>
                </ns4:Method>
            </ns4:Methods>
            <ns13:ResourcePropertiesList xsi:type="ns13:ResourcePropertiesListType"
                                         xmlns:ns13="gme://gov.nih.nci.cagrid.introduce/1/Resources">
                <ns13:ResourceProperty qName="ns14:ServiceMetadata" description="" fileLocation="serviceMetadata.xml"
                                       populateFromFile="true" register="true" xsi:type="ns13:ResourcePropertyType"
                                       xmlns:ns14="gme://caGrid.caBIG/1.0/gov.nih.nci.cagrid.metadata"/>
            </ns13:ResourcePropertiesList>
            <ns16:ServiceSecurity xsi:type="ns16:ServiceSecurity"
                                  xmlns:ns16="gme://gov.nih.nci.cagrid.introduce/1/Security">
                <ns16:SecuritySetting xsi:type="ns16:SecuritySetting">Custom</ns16:SecuritySetting>
                <ns16:TransportLevelSecurity xsi:type="ns16:TransportLevelSecurity">
                    <ns16:CommunicationMethod xsi:type="ns16:CommunicationMethod">Privacy</ns16:CommunicationMethod>
                </ns16:TransportLevelSecurity>
                <ns16:RunAsMode xsi:type="ns16:RunAsMode">System</ns16:RunAsMode>
                <ns16:AnonymousClients xsi:type="ns16:AnonymousCommunication">No</ns16:AnonymousClients>
                <ns16:ServiceAuthorization xsi:type="ns16:ServiceAuthorization">
                    <ns16:NoAuthorization xsi:type="ns16:NoAuthorization"/>
                </ns16:ServiceAuthorization>
            </ns16:ServiceSecurity>
            <ns3:description xsi:type="xsd:string" xmlns:xsd="http://www.w3.org/2001/XMLSchema"></ns3:description>
        </ns3:Service>
    </ns3:Services>
    <ns15:Extensions xsi:type="ns15:ExtensionsType" xmlns:ns15="gme://gov.nih.nci.cagrid.introduce/1/Extension"
                     xmlns:xsi="http://www.w3.org/2001/XMLSchema-instance">
        <ns15:Extension name="cagrid_metadata" version="1.1" xsi:type="ns15:ExtensionType"/>
    </ns15:Extensions>
</ns1:ServiceDescription>
