<?xml version="1.0" encoding='UTF-8'?>
<!DOCTYPE hibernate-mapping PUBLIC
                            "-//Hibernate/Hibernate Mapping DTD 3.0//EN"
                            "http://hibernate.sourceforge.net/hibernate-mapping-3.0.dtd" >

<!-- DO NOT EDIT: This is a generated file that is synchronized -->
<!-- by MyEclipse Hibernate tool integration.                   -->
<!-- Created Thu Apr 20 17:45:26 EDT 2006                         -->
<hibernate-mapping package="edu.duke.cabig.c3pr.domain">

    <class name="Contact" table="CONTACT_MECHANISM"  lazy="false">
		<id name="id" column="ID" type="java.lang.Integer">
			<generator class="native">
				<param name="sequence">C3PR_GENERAL_SEQ</param>
			</generator>
		</id> 
 
        <property name="value" column="VALUE" type="java.lang.String" />
        <many-to-one name="type" column="CONTACT_TYPE" class="ContactType" cascade="none" lazy="false"/>
 
    </class>
    
</hibernate-mapping>
