<?xml version="1.0" encoding='UTF-8'?>
<!DOCTYPE hibernate-mapping PUBLIC
                            "-//Hibernate/Hibernate Mapping DTD 3.0//EN"
                            "http://hibernate.sourceforge.net/hibernate-mapping-3.0.dtd" >

<!-- DO NOT EDIT: This is a generated file that is synchronized -->
<!-- by MyEclipse Hibernate tool integration.                   -->
<!-- Created Thu Apr 20 17:45:31 EDT 2006                         -->
<hibernate-mapping package="edu.duke.cabig.c3pr.domain">

    <class name="ProtocolInstitution" table="ORG_PROTOCOL" lazy="false">
     	<id name="id" column="ORG_PROT_ID" type="java.lang.Integer">
			<generator class="native">
				<param name="sequence">C3PR_GENERAL_SEQ</param>
			</generator>
		</id>         
        <many-to-one name="protocolInstitutionRole" column="ORG_PROTOCOL_TYPE_CODE" class="ProtocolInstitutionRole" lazy="false"/>
        <many-to-one name="institution" column="ORG_ID" class="edu.duke.cabig.c3pr.domain.Institution" not-null="true" cascade="none" lazy="false"/>
		<component name="protocolIdentifier" class="ProtocolIdentifier" lazy="false">
			<property name="id" column="ORG_PROT_ID" insert="false" update="false"/>
			<property name="protocolIdentifierCode" column="PROTOCOL_IDENTIFIER_CODE"/>
		</component>
        <many-to-one name="protocol" column="PROTOCOL_ID" class="Protocol" not-null="true" cascade="none" insert="false" update="false" lazy="proxy"/>
		
    </class>
    
</hibernate-mapping>
