<ns1:ServiceDescription introduceVersion="1.0" xmlns:ns1="gme://gov.nih.nci.cagrid/1/Introduce">
    <ns2:Namespaces xsi:type="ns2:NamespacesType" xmlns:ns2="gme://gov.nih.nci.cagrid.introduce/1/Namespace"
                    xmlns:xsi="http://www.w3.org/2001/XMLSchema-instance">
        <ns2:Namespace location="./Protocol.xsd"
                       namespace="http://semanticbits.com/cabig/c3pr/C3PRProtocolIngestor/Protocol"
                       packageName="protocol" xsi:type="ns2:NamespaceType">
            <ns2:SchemaElement type="Protocol" xsi:type="ns2:SchemaElementType"/>
        </ns2:Namespace>
        <ns2:Namespace namespace="http://www.w3.org/2001/XMLSchema" xsi:type="ns2:NamespaceType">
            <ns2:SchemaElement type="anyType" xsi:type="ns2:SchemaElementType"/>
            <ns2:SchemaElement type="string" xsi:type="ns2:SchemaElementType"/>
            <ns2:SchemaElement type="boolean" xsi:type="ns2:SchemaElementType"/>
            <ns2:SchemaElement type="int" xsi:type="ns2:SchemaElementType"/>
            <ns2:SchemaElement type="integer" xsi:type="ns2:SchemaElementType"/>
            <ns2:SchemaElement type="decimal" xsi:type="ns2:SchemaElementType"/>
            <ns2:SchemaElement type="float" xsi:type="ns2:SchemaElementType"/>
            <ns2:SchemaElement type="double" xsi:type="ns2:SchemaElementType"/>
            <ns2:SchemaElement type="short" xsi:type="ns2:SchemaElementType"/>
            <ns2:SchemaElement type="long" xsi:type="ns2:SchemaElementType"/>
            <ns2:SchemaElement type="byte" xsi:type="ns2:SchemaElementType"/>
            <ns2:SchemaElement type="base64Binary" xsi:type="ns2:SchemaElementType"/>
            <ns2:SchemaElement type="dateTime" xsi:type="ns2:SchemaElementType"/>
            <ns2:SchemaElement type="date" xsi:type="ns2:SchemaElementType"/>
            <ns2:SchemaElement type="QName" xsi:type="ns2:SchemaElementType"/>
            <ns2:SchemaElement type="anySimpleType" xsi:type="ns2:SchemaElementType"/>
            <ns2:SchemaElement type="duration" xsi:type="ns2:SchemaElementType"/>
            <ns2:SchemaElement type="time" xsi:type="ns2:SchemaElementType"/>
            <ns2:SchemaElement type="gYearMonth" xsi:type="ns2:SchemaElementType"/>
            <ns2:SchemaElement type="gYear" xsi:type="ns2:SchemaElementType"/>
            <ns2:SchemaElement type="gMonthDay" xsi:type="ns2:SchemaElementType"/>
            <ns2:SchemaElement type="gDay" xsi:type="ns2:SchemaElementType"/>
            <ns2:SchemaElement type="gMonth" xsi:type="ns2:SchemaElementType"/>
            <ns2:SchemaElement type="hexBinary" xsi:type="ns2:SchemaElementType"/>
            <ns2:SchemaElement type="NOTATION" xsi:type="ns2:SchemaElementType"/>
            <ns2:SchemaElement type="anyURI" xsi:type="ns2:SchemaElementType"/>
            <ns2:SchemaElement type="normalizedString" xsi:type="ns2:SchemaElementType"/>
            <ns2:SchemaElement type="token" xsi:type="ns2:SchemaElementType"/>
            <ns2:SchemaElement type="nonPositiveInteger" xsi:type="ns2:SchemaElementType"/>
            <ns2:SchemaElement type="nonNegativeInteger" xsi:type="ns2:SchemaElementType"/>
            <ns2:SchemaElement type="language" xsi:type="ns2:SchemaElementType"/>
            <ns2:SchemaElement type="Name" xsi:type="ns2:SchemaElementType"/>
            <ns2:SchemaElement type="NMTOKEN" xsi:type="ns2:SchemaElementType"/>
            <ns2:SchemaElement type="negativeInteger" xsi:type="ns2:SchemaElementType"/>
            <ns2:SchemaElement type="unsignedLong" xsi:type="ns2:SchemaElementType"/>
            <ns2:SchemaElement type="positiveInteger" xsi:type="ns2:SchemaElementType"/>
            <ns2:SchemaElement type="NCName" xsi:type="ns2:SchemaElementType"/>
            <ns2:SchemaElement type="NMTOKENS" xsi:type="ns2:SchemaElementType"/>
            <ns2:SchemaElement type="unsignedInt" xsi:type="ns2:SchemaElementType"/>
            <ns2:SchemaElement type="ID" xsi:type="ns2:SchemaElementType"/>
            <ns2:SchemaElement type="IDREF" xsi:type="ns2:SchemaElementType"/>
            <ns2:SchemaElement type="ENTITY" xsi:type="ns2:SchemaElementType"/>
            <ns2:SchemaElement type="unsignedShort" xsi:type="ns2:SchemaElementType"/>
            <ns2:SchemaElement type="IDREFS" xsi:type="ns2:SchemaElementType"/>
            <ns2:SchemaElement type="ENTITIES" xsi:type="ns2:SchemaElementType"/>
            <ns2:SchemaElement type="unsignedByte" xsi:type="ns2:SchemaElementType"/>
        </ns2:Namespace>
        <ns2:Namespace location="./ProtocolIngestorTypes.xsd"
                       namespace="http://semanticbits.com/cabig/c3pr/ProtocolIngestor/types"
                       packageName="com.sb.cabig.c3pr.stubs.types" xsi:type="ns2:NamespaceType">
            <ns2:SchemaElement type="ProtocolIngestorReference" xsi:type="ns2:SchemaElementType"/>
            <ns2:SchemaElement type="ProtocolIngestionException" xsi:type="ns2:SchemaElementType"/>
        </ns2:Namespace>
        <ns2:Namespace generateStubs="false" location="./xsd/security.xsd"
                       namespace="gme://caGrid.caBIG/1.0/gov.nih.nci.cagrid.metadata.security"
                       packageName="gov.nih.nci.cagrid.metadata.security" xsi:type="ns2:NamespaceType">
            <ns2:SchemaElement type="ServiceSecurityMetadata" xsi:type="ns2:SchemaElementType"/>
            <ns2:SchemaElement type="CommunicationMechanism" xsi:type="ns2:SchemaElementType"/>
            <ns2:SchemaElement type="Operation" xsi:type="ns2:SchemaElementType"/>
            <ns2:SchemaElement type="CommunicationStyle" xsi:type="ns2:SchemaElementType"/>
            <ns2:SchemaElement type="GSISecureMessage" xsi:type="ns2:SchemaElementType"/>
            <ns2:SchemaElement type="GSISecureConversation" xsi:type="ns2:SchemaElementType"/>
            <ns2:SchemaElement type="GSITransport" xsi:type="ns2:SchemaElementType"/>
            <ns2:SchemaElement type="None" xsi:type="ns2:SchemaElementType"/>
        </ns2:Namespace>
    </ns2:Namespaces>
    <ns3:Services xsi:type="ns3:ServicesType" xmlns:ns3="gme://gov.nih.nci.cagrid.introduce/1/Services"
                  xmlns:xsi="http://www.w3.org/2001/XMLSchema-instance">
        <ns3:Service name="ProtocolIngestor" namespace="http://semanticbits.com/cabig/c3pr/ProtocolIngestor"
                     packageName="com.sb.cabig.c3pr" resourceFrameworkType="main" xsi:type="ns3:ServiceType">
            <ns4:Methods xsi:type="ns4:MethodsType" xmlns:ns4="gme://gov.nih.nci.cagrid.introduce/1/Methods">
                <ns4:Method isImported="true" isProvided="true" name="getServiceSecurityMetadata"
                            xsi:type="ns4:MethodType">
                    <ns4:Output qName="ns5:ServiceSecurityMetadata" isArray="false" isClientHandle="false"
                                xmlns:ns5="gme://caGrid.caBIG/1.0/gov.nih.nci.cagrid.metadata.security"/>
                    <ns4:ImportInformation namespace="http://security.introduce.cagrid.nci.nih.gov/ServiceSecurity"
                                           packageName="gov.nih.nci.cagrid.introduce.security.stubs"
                                           portTypeName="ServiceSecurityPortType" wsdlFile="ServiceSecurity.wsdl"/>
                    <ns4:ProviderInformation
                            providerClass="gov.nih.nci.cagrid.introduce.security.service.globus.ServiceSecurityProviderImpl"/>
                </ns4:Method>
                <ns4:Method isImported="false" isProvided="false" name="createProtocol" xsi:type="ns4:MethodType">
                    <ns4:Inputs>
                        <ns4:Input qName="ns6:Protocol" isArray="false" name="protocol"
                                   xmlns:ns6="http://semanticbits.com/cabig/c3pr/C3PRProtocolIngestor/Protocol"/>
                    </ns4:Inputs>
                    <ns4:Output qName="void" isArray="false"/>
                    <ns4:Exceptions>
                        <ns4:Exception name="ProtocolIngestionException" qname="ns7:ProtocolIngestionException"
                                       xmlns:ns7="http://semanticbits.com/cabig/c3pr/ProtocolIngestor/types"/>
                    </ns4:Exceptions>
                </ns4:Method>
            </ns4:Methods>
            <ns8:ResourcePropertiesList xsi:type="ns8:ResourcePropertiesListType"
                                        xmlns:ns8="gme://gov.nih.nci.cagrid.introduce/1/Resources"/>
        </ns3:Service>
    </ns3:Services>
    <ns9:Extensions xsi:type="ns9:ExtensionsType" xmlns:ns9="gme://gov.nih.nci.cagrid.introduce/1/Extension"
                    xmlns:xsi="http://www.w3.org/2001/XMLSchema-instance"/>
</ns1:ServiceDescription>
