<?xml version="1.0"?>

<project default="deploySkeletonService" name="CTMS Registration grid service" basedir=".">

    <property name="project.name" value="RegistrationConsumer_Grid_Service"/>

    <property name="build.dir" value="${basedir}/build"/>

    <property name="zip.filename" value="${project.name}.zip"/>


    <target name="deploySkeletonService">

        <!--override tomcat env variable to write out to temp location-->
        <property name="tomcat.dir" value="${build.dir}/tempTomcat"/>
        <ant antfile="build.xml" inheritall="true" target="deployTomcat"/>

        <zip basedir="${tomcat.dir}" destfile="${build.dir}/${zip.filename}"/>
        
    </target>

</project>