<?xml version="1.0" encoding="utf-8"?>
<!DOCTYPE beans PUBLIC "-//SPRING//DTD BEAN//EN" "http://www.springframework.org/dtd/spring-beans.dtd">
<beans>
    <bean id="dataSourceTemplate" abstract="true" class="org.apache.commons.dbcp.BasicDataSource">
        <property name="driverClassName">
            <value>${datasource.driver}</value>
        </property>
        <property name="maxActive">
            <value>5</value>
        </property>
        <property name="maxIdle">
            <value>2</value>
        </property>
        <property name="maxWait">
            <value>180000</value>
        </property>
        <property name="removeAbandoned">
            <value>true</value>
        </property>
        <property name="removeAbandonedTimeout">
            <value>300</value>
        </property>
        <property name="logAbandoned">
            <value>true</value>
        </property>
        <property name="testWhileIdle">
            <value>true</value>
        </property>
        <property name="testOnReturn">
            <value>true</value>
        </property>
        <property name="timeBetweenEvictionRunsMillis">
            <value>300000</value>
        </property>
        <property name="minEvictableIdleTimeMillis">
            <value>600000</value>
        </property>
    </bean>
    <bean id="dataSource" parent="dataSourceTemplate">
        <property name="url">
            <value>${datasource.url}</value>
        </property>
        <property name="username">
            <value>${datasource.username}</value>
        </property>
        <property name="password">
            <value>${datasource.password}</value>
        </property>
    </bean>
<!--
    <bean id="lobHandler" class="org.springframework.jdbc.support.lob.OracleLobHandler">
        <property name="nativeJdbcExtractor">
            <bean class="org.springframework.jdbc.support.nativejdbc.CommonsDbcpNativeJdbcExtractor"/>
        </property>
    </bean>
-->
    <bean id="hibernateProperties" class="org.springframework.beans.factory.config.PropertiesFactoryBean">
        <property name="properties">
            <props>
                <prop key="hibernate.connection.pool_size">10</prop>
                <prop key="hibernate.show_sql">true</prop>               
                <prop key="hibernate.dialect">${datasource.dialect}</prop>
                <prop key="hibernate.query.substitutions">true 1, false 0, yes 'Y', no 'N'</prop>
                <prop key="hibernate.jdbc.batch_size">30</prop>
            </props>
        </property>
    </bean>
</beans>
