<?xml version="1.0"?>

<!-- ================================================================= -->
<!-- C3PR reporting build file                                         -->
<!-- ================================================================= -->
<project name="c3pr-2.0-reports" default="reports" basedir=".">

	<property file="${basedir}/antfiles/reports.properties"/>

	<property name="reports.dir" location="${basedir}/reports"/>


	<!-- =============================================================== -->
	<!-- Call check-style for each project log results                   -->
	<!-- =============================================================== -->

	<target name="reports-style" depends="prepare" description="Check the style of all the projects.">
		<property name="checkstyle.home" location="${basedir}/share/checkstyle-4.1"/>
		<property name="style.dir" location="${reports.dir}/style"/>

		<taskdef resource="checkstyletask.properties">
			<classpath>
				<fileset dir="${checkstyle.home}/lib">
					<include name="**/*.jar"/>
				</fileset>
			</classpath>
		</taskdef>

		<!-- clean -->
		<delete dir="${style.dir}"/>
		<mkdir dir="${style.dir}"/>

		<!-- call run-report-style for each project or call checkstyle directly -->
		<for list="${reportable.projects.list}" parallel="false" param="project.name" trim="true">
			<sequential>
				<echo message="Reporting style for project @{project.name}." />

				<antcall target="run-report-style">
					<param name="project" value="@{project.name}"/>
				</antcall>
			</sequential>
		</for>
	</target>

	<target name="run-report-style" description="Check the style for a single project.">
		<checkstyle config="${checkstyle.home}/c3pr_checks.xml" failOnViolation="false">
			<fileset dir="${projects.dir}/${project}/src" includes="**/*.java"/>
			<formatter type="plain" toFile="${style.dir}/${project}.txt"/>
			<formatter type="xml" toFile="${style.dir}/${project}.xml"/>
		</checkstyle>

		<xslt in="${style.dir}/${project}.xml" out="${style.dir}/${project}.html" 
			style="${checkstyle.home}/checkstyle.xsl"
		>
			<param name="project" expression="${project}"/>
		</xslt>
	</target>

	<!-- =============================================================== -->
	<!-- Call findbugs for each project log results                      -->
	<!-- =============================================================== -->
	
	<target name="reports-findbugs" depends="prepare" description="Find bugs for all the projects.">
		<property name="findbugs.home" location="${basedir}/share/findbugs-0.9.6"/>
		<property name="findbugs.dir" location="${reports.dir}/findbugs"/>

		<taskdef name="findbugs" classname="edu.umd.cs.findbugs.anttask.FindBugsTask">
			<classpath>
				<fileset dir="${findbugs.home}/lib">
					<include name="**/*.jar"/>
				</fileset>
			</classpath>
		</taskdef>

		<!-- clean -->
		<delete dir="${findbugs.dir}"/>
		<mkdir dir="${findbugs.dir}"/>

		<!-- call run-report-findbugs for each project or call findbugs directly -->
		<for list="${reportable.projects.list}" parallel="false" param="project.name" trim="true">
			<sequential>
				<echo message="Reporting findbugs for project @{project.name}." />

				<antcall target="run-report-findbugs">
					<param name="project" value="@{project.name}"/>
				</antcall>
			</sequential>
		</for>
	</target>

	<target name="run-report-findbugs" description="Find bugs for a single project.">
		<findbugs home="${findbugs.home}"
			output="xml"
			outputFile="${findbugs.dir}/${project}.xml"
			failOnError="true"
			excludeFilter="${findbugs.home}/findbugs-filter.xml"
			jvmargs="-Xmx512m"
		>
			<auxClasspath>
<!--
				<fileset dir="${projects.dir}/${project}/lib">
					<include name="**/*.jar"/>
				</fileset>
-->
				<fileset dir="${projects.dir}/${project}/ext/lib">
					<include name="**/*.jar"/>
				</fileset>
				<fileset dir="${projects.dir}/${project}/ext/test/lib">
					<include name="**/*.jar"/>
				</fileset>
			</auxClasspath>
			<sourcePath path="${projects.dir}/${project}/src/java" />
			<class location="${projects.dir}/${project}/build/jars/c3pr-2.0-${project}-1.0.jar" />
		</findbugs>

		<xslt in="${findbugs.dir}/${project}.xml" out="${findbugs.dir}/${project}.html" 
			style="${findbugs.home}/src/xsl/plain.xsl"
		/>
	</target>

	<!-- =============================================================== -->
	<!-- Call source-java for each project log results                   -->
	<!-- =============================================================== -->

	<target name="reports-source-java" depends="prepare" description="Count the source code for all projects.">
		<property name="javancss.home" location="${basedir}/share/javancss-24.44"/>
		<property name="source-java.dir" location="${reports.dir}/source-java"/>

		<taskdef name="javancss" classname="javancss.JavancssAntTask">
			<classpath>
				<fileset dir="${javancss.home}/lib">
					<include name="**/*.jar"/>
				</fileset>
			</classpath>		
		</taskdef>

		<!-- clean -->
		<delete dir="${source-java.dir}"/>
		<mkdir dir="${source-java.dir}"/>

		<!-- call run-report-source-java for each project or call javancss directly -->
		<for list="${reportable.projects.list}" parallel="false" param="project.name" trim="true">
			<sequential>
				<echo message="Reporting source-java for project @{project.name}." />

				<antcall target="run-report-source-java">
					<param name="project" value="@{project.name}"/>
				</antcall>
			</sequential>
		</for>
	</target>

	<target name="run-report-source-java" description="Count the source code for one project.">
		<javancss srcdir="${projects.dir}/${project}/src/java"
			generateReport="true"
			outputfile="${source-java.dir}/${project}.xml"
			format="xml"
			includes="**/*.java"
		/>		
		<javancss srcdir="${projects.dir}/${project}/src"
			generateReport="true"
			outputfile="${source-java.dir}/${project}.txt"
			format="plain"
			includes="**/*.java"
		/>		
	</target>

	<!-- =============================================================== -->
	<!-- Call cvs                                                        -->
	<!-- =============================================================== -->

	<target name="reports-cvs" depends="prepare" description="Report on CVS activity.">
		<property name="statcvs.home" location="${basedir}/share/statcvs-0.2.2"/>
		<property name="cvs.dir" location="${reports.dir}/statcvs"/>
		<property name="cvs.method" value="ext"/>
		<property name="cvs.user" value="anonymous"/>
		<property name="cvs.password" value="anonymous"/>
		<property name="cvs.path" value="/share/content/gforge/c3prv2"/>
		<property name="cvs.server" value="cbiocvs2.nci.nih.gov"/>

		<delete dir="${cvs.dir}"/>
		<mkdir dir="${cvs.dir}"/>

		<echo>-d:${cvs.method}:${cvs.user}@${cvs.server}:${cvs.path} log</echo>
		<echo>${cvs.dir}/cvs.log</echo>
		<cvs 
			command="-d:${cvs.method}:${cvs.user}@${cvs.server}:${cvs.path} log"
			output="${cvs.dir}/cvs.log"
		/>
		<java jar="${statcvs.home}/statcvs.jar" fork="true" dir="${cvs.dir}">
			<arg value="-title"/>
			<arg value="C3PR"/>
			<arg value="-viewcvs"/>
			<arg value="http://gforge.nci.nih.gov/plugins/scmcvs/cvsweb.php/?cvsroot=c3prv2"/>
			<arg value="${cvs.dir}/cvs.log"/> 
			<arg value="${basedir}"/> 
		</java>
	</target>

	<!-- =============================================================== -->
	<!-- Call testcoverage for each project log results                  -->
	<!-- =============================================================== -->

	<target name="reports-testcoverage" depends="prepare, defineArtifacts" description="Check the test coverage for all the projects.">
		<property name="testcoverage.dir" location="${reports.dir}/testcoverage"/>
		
		<taskdef classpathref="cobertura.classpath" resource="tasks.properties"/>

		<delete>
			<fileset dir="${testcoverage.dir}">
				<exclude name="*.ser"/>
				<include name="*"/>
			</fileset>
		</delete>
		<mkdir dir="${testcoverage.dir}"/>

		<!-- call run-report-testcoverage for each project or call cobertura directly -->
		<for list="${reportable.projects.list}" parallel="false" param="project.name" trim="true">
			<sequential>
				<echo message="Reporting testcoverage for project @{project.name}." />

				<antcall target="run-report-testcoverage">
					<param name="project" value="@{project.name}"/>
				</antcall>
			</sequential>
		</for>
	</target>

	<target name="run-report-testcoverage" description="Check the test coverage for a single project.">
		<mkdir dir="${testcoverage.dir}/${project}"/>
		<cobertura-report format="html" destdir="${testcoverage.dir}/${project}"
			datafile="${testcoverage.dir}/${project}.ser"  
		>
			<fileset dir="${projects.dir}/${project}/src/java">
				<include name="**/*.java"/>
			</fileset>
			<fileset dir="${projects.dir}/${project}/test/src/java">
				<include name="**/*.java"/>
			</fileset>
		</cobertura-report>
	</target>

	<!-- =============================================================== -->
	<!-- Call junit                                                      -->
	<!-- =============================================================== -->

	<target name="reports-junit" depends="prepare" description="Report on JUnit tests for all the projects.">
		<mkdir dir="${reports.dir}/junit"/>

		<!-- junitreport -->
		<junitreport todir="${reports.dir}/junit">
			<fileset dir="test/logs">
				<include name="TEST-*.xml"/>
			</fileset>
			<report format="frames" todir="${reports.dir}/junit"/>
			<report format="noframes" todir="${reports.dir}/junit"/>
		</junitreport>

		<!-- junitdocreport -->
		<taskdef name="junitDocReport" classname="edu.duke.cabig.catrip.test.report.ant.JUnitDocReport">
			<classpath>
				<fileset dir="${share.dir}/junit-docreport">
					<include name="*.jar"/>
				</fileset>
			</classpath>
		</taskdef>

		<junitDocReport format="html" useTestType="true" destfile="${reports.dir}/junit/junitDocReport.html">
			<junitResults>
				<fileset dir="${junit.results.dir}">
					<include name="*.xml"/>
				</fileset>
			</junitResults>
			<junitDocs>
				<fileset dir="${projects.dir}/core">
					<include name="src"/>
					<include name="test"/>
				</fileset>
				<fileset dir="${projects.dir}/test-system">
					<include name="src/java"/>
					<include name="test/src/java"/>
				</fileset>
				<fileset dir="${projects.dir}/web">
					<include name="src/java"/>
					<include name="test/src/java"/>
				</fileset>
			</junitDocs>
		</junitDocReport>
	</target>


	<target name="reports" depends="prepare, reports-junit, reports-source-java, reports-style, reports-findbugs, reports-testcoverage, reports-cvs" description="Runs reports on all the reportable projects."/>
</project>